{
  "builtTestProducts" : [
    {
      "binaryPath" : "/Users/samjin/Documents/Grad School/CSDS392-AppDevelopmentforiOS/ai4edu/.build/arm64-apple-macosx/debug/MarkdownUIPackageTests.xctest/Contents/MacOS/MarkdownUIPackageTests",
      "packagePath" : "/Users/samjin/Documents/Grad School/CSDS392-AppDevelopmentforiOS/ai4edu",
      "productName" : "MarkdownUIPackageTests"
    }
  ],
  "copyCommands" : {

  },
  "explicitTargetDependencyImportCheckingMode" : {
    "none" : {

    }
  },
  "generatedSourceTargetSet" : [

  ],
  "pluginDescriptions" : [

  ],
  "swiftCommands" : {
    "C.MarkdownUI-arm64-apple-macosx15.0-debug.module" : {
      "executable" : "/Library/Developer/CommandLineTools/usr/bin/swiftc",
      "fileList" : "/Users/samjin/Documents/Grad School/CSDS392-AppDevelopmentforiOS/ai4edu/.build/arm64-apple-macosx/debug/MarkdownUI.build/sources",
      "importPath" : "/Users/samjin/Documents/Grad School/CSDS392-AppDevelopmentforiOS/ai4edu/.build/arm64-apple-macosx/debug/Modules",
      "inputs" : [
        {
          "kind" : "file",
          "name" : "/Users/samjin/Documents/Grad School/CSDS392-AppDevelopmentforiOS/ai4edu/Sources/MarkdownUI/MarkdownUI.swift"
        },
        {
          "kind" : "file",
          "name" : "/Users/samjin/Documents/Grad School/CSDS392-AppDevelopmentforiOS/ai4edu/.build/arm64-apple-macosx/debug/swift-version--1AB21518FC5DEDBE.txt"
        },
        {
          "kind" : "file",
          "name" : "/Users/samjin/Documents/Grad School/CSDS392-AppDevelopmentforiOS/ai4edu/.build/arm64-apple-macosx/debug/MarkdownUI.build/sources"
        }
      ],
      "isLibrary" : true,
      "moduleName" : "MarkdownUI",
      "moduleOutputPath" : "/Users/samjin/Documents/Grad School/CSDS392-AppDevelopmentforiOS/ai4edu/.build/arm64-apple-macosx/debug/Modules/MarkdownUI.swiftmodule",
      "objects" : [
        "/Users/samjin/Documents/Grad School/CSDS392-AppDevelopmentforiOS/ai4edu/.build/arm64-apple-macosx/debug/MarkdownUI.build/MarkdownUI.swift.o"
      ],
      "otherArguments" : [
        "-target",
        "arm64-apple-macosx10.13",
        "-enable-batch-mode",
        "-index-store-path",
        "/Users/samjin/Documents/Grad School/CSDS392-AppDevelopmentforiOS/ai4edu/.build/arm64-apple-macosx/debug/index/store",
        "-Onone",
        "-enable-testing",
        "-j12",
        "-DSWIFT_PACKAGE",
        "-DDEBUG",
        "-module-cache-path",
        "/Users/samjin/Documents/Grad School/CSDS392-AppDevelopmentforiOS/ai4edu/.build/arm64-apple-macosx/debug/ModuleCache",
        "-parseable-output",
        "-parse-as-library",
        "-emit-objc-header",
        "-emit-objc-header-path",
        "/Users/samjin/Documents/Grad School/CSDS392-AppDevelopmentforiOS/ai4edu/.build/arm64-apple-macosx/debug/MarkdownUI.build/MarkdownUI-Swift.h",
        "-color-diagnostics",
        "-swift-version",
        "6",
        "-F",
        "/Library/Developer/CommandLineTools/Library/Developer/Frameworks",
        "-sdk",
        "/Library/Developer/CommandLineTools/SDKs/MacOSX.sdk",
        "-g",
        "-Xcc",
        "-isysroot",
        "-Xcc",
        "/Library/Developer/CommandLineTools/SDKs/MacOSX.sdk",
        "-Xcc",
        "-fPIC",
        "-Xcc",
        "-g",
        "-package-name",
        "ai4edu"
      ],
      "outputFileMapPath" : "/Users/samjin/Documents/Grad School/CSDS392-AppDevelopmentforiOS/ai4edu/.build/arm64-apple-macosx/debug/MarkdownUI.build/output-file-map.json",
      "outputs" : [
        {
          "kind" : "file",
          "name" : "/Users/samjin/Documents/Grad School/CSDS392-AppDevelopmentforiOS/ai4edu/.build/arm64-apple-macosx/debug/MarkdownUI.build/MarkdownUI.swift.o"
        },
        {
          "kind" : "file",
          "name" : "/Users/samjin/Documents/Grad School/CSDS392-AppDevelopmentforiOS/ai4edu/.build/arm64-apple-macosx/debug/Modules/MarkdownUI.swiftmodule"
        }
      ],
      "prepareForIndexing" : false,
      "sources" : [
        "/Users/samjin/Documents/Grad School/CSDS392-AppDevelopmentforiOS/ai4edu/Sources/MarkdownUI/MarkdownUI.swift"
      ],
      "tempsPath" : "/Users/samjin/Documents/Grad School/CSDS392-AppDevelopmentforiOS/ai4edu/.build/arm64-apple-macosx/debug/MarkdownUI.build",
      "wholeModuleOptimization" : false
    },
    "C.MarkdownUIPackageTests-arm64-apple-macosx15.0-debug.module" : {
      "executable" : "/Library/Developer/CommandLineTools/usr/bin/swiftc",
      "fileList" : "/Users/samjin/Documents/Grad School/CSDS392-AppDevelopmentforiOS/ai4edu/.build/arm64-apple-macosx/debug/MarkdownUIPackageTests.build/sources",
      "importPath" : "/Users/samjin/Documents/Grad School/CSDS392-AppDevelopmentforiOS/ai4edu/.build/arm64-apple-macosx/debug/Modules",
      "inputs" : [
        {
          "kind" : "file",
          "name" : "/Users/samjin/Documents/Grad School/CSDS392-AppDevelopmentforiOS/ai4edu/.build/arm64-apple-macosx/debug/MarkdownUIPackageTests.derived/runner.swift"
        },
        {
          "kind" : "file",
          "name" : "/Users/samjin/Documents/Grad School/CSDS392-AppDevelopmentforiOS/ai4edu/.build/arm64-apple-macosx/debug/swift-version--1AB21518FC5DEDBE.txt"
        },
        {
          "kind" : "file",
          "name" : "/Users/samjin/Documents/Grad School/CSDS392-AppDevelopmentforiOS/ai4edu/.build/arm64-apple-macosx/debug/Modules/MarkdownUITests.swiftmodule"
        },
        {
          "kind" : "file",
          "name" : "/Users/samjin/Documents/Grad School/CSDS392-AppDevelopmentforiOS/ai4edu/.build/arm64-apple-macosx/debug/MarkdownUIPackageTests.build/sources"
        }
      ],
      "isLibrary" : true,
      "moduleName" : "MarkdownUIPackageTests",
      "moduleOutputPath" : "/Users/samjin/Documents/Grad School/CSDS392-AppDevelopmentforiOS/ai4edu/.build/arm64-apple-macosx/debug/Modules/MarkdownUIPackageTests.swiftmodule",
      "objects" : [
        "/Users/samjin/Documents/Grad School/CSDS392-AppDevelopmentforiOS/ai4edu/.build/arm64-apple-macosx/debug/MarkdownUIPackageTests.build/runner.swift.o"
      ],
      "otherArguments" : [
        "-target",
        "arm64-apple-macosx10.13",
        "-enable-batch-mode",
        "-index-store-path",
        "/Users/samjin/Documents/Grad School/CSDS392-AppDevelopmentforiOS/ai4edu/.build/arm64-apple-macosx/debug/index/store",
        "-Onone",
        "-enable-testing",
        "-Xfrontend",
        "-enable-cross-import-overlays",
        "-j12",
        "-DSWIFT_PACKAGE",
        "-DDEBUG",
        "-module-cache-path",
        "/Users/samjin/Documents/Grad School/CSDS392-AppDevelopmentforiOS/ai4edu/.build/arm64-apple-macosx/debug/ModuleCache",
        "-parseable-output",
        "-parse-as-library",
        "-emit-objc-header",
        "-emit-objc-header-path",
        "/Users/samjin/Documents/Grad School/CSDS392-AppDevelopmentforiOS/ai4edu/.build/arm64-apple-macosx/debug/MarkdownUIPackageTests.build/MarkdownUIPackageTests-Swift.h",
        "-color-diagnostics",
        "-F",
        "/Library/Developer/CommandLineTools/Library/Developer/Frameworks",
        "-sdk",
        "/Library/Developer/CommandLineTools/SDKs/MacOSX.sdk",
        "-g",
        "-Xcc",
        "-isysroot",
        "-Xcc",
        "/Library/Developer/CommandLineTools/SDKs/MacOSX.sdk",
        "-Xcc",
        "-fPIC",
        "-Xcc",
        "-g",
        "-package-name",
        "ai4edu"
      ],
      "outputFileMapPath" : "/Users/samjin/Documents/Grad School/CSDS392-AppDevelopmentforiOS/ai4edu/.build/arm64-apple-macosx/debug/MarkdownUIPackageTests.build/output-file-map.json",
      "outputs" : [
        {
          "kind" : "file",
          "name" : "/Users/samjin/Documents/Grad School/CSDS392-AppDevelopmentforiOS/ai4edu/.build/arm64-apple-macosx/debug/MarkdownUIPackageTests.build/runner.swift.o"
        },
        {
          "kind" : "file",
          "name" : "/Users/samjin/Documents/Grad School/CSDS392-AppDevelopmentforiOS/ai4edu/.build/arm64-apple-macosx/debug/Modules/MarkdownUIPackageTests.swiftmodule"
        }
      ],
      "prepareForIndexing" : false,
      "sources" : [
        "/Users/samjin/Documents/Grad School/CSDS392-AppDevelopmentforiOS/ai4edu/.build/arm64-apple-macosx/debug/MarkdownUIPackageTests.derived/runner.swift"
      ],
      "tempsPath" : "/Users/samjin/Documents/Grad School/CSDS392-AppDevelopmentforiOS/ai4edu/.build/arm64-apple-macosx/debug/MarkdownUIPackageTests.build",
      "wholeModuleOptimization" : false
    },
    "C.MarkdownUITests-arm64-apple-macosx15.0-debug.module" : {
      "executable" : "/Library/Developer/CommandLineTools/usr/bin/swiftc",
      "fileList" : "/Users/samjin/Documents/Grad School/CSDS392-AppDevelopmentforiOS/ai4edu/.build/arm64-apple-macosx/debug/MarkdownUITests.build/sources",
      "importPath" : "/Users/samjin/Documents/Grad School/CSDS392-AppDevelopmentforiOS/ai4edu/.build/arm64-apple-macosx/debug/Modules",
      "inputs" : [
        {
          "kind" : "file",
          "name" : "/Users/samjin/Documents/Grad School/CSDS392-AppDevelopmentforiOS/ai4edu/Tests/MarkdownUITests/MarkdownUITests.swift"
        },
        {
          "kind" : "file",
          "name" : "/Users/samjin/Documents/Grad School/CSDS392-AppDevelopmentforiOS/ai4edu/.build/arm64-apple-macosx/debug/swift-version--1AB21518FC5DEDBE.txt"
        },
        {
          "kind" : "file",
          "name" : "/Users/samjin/Documents/Grad School/CSDS392-AppDevelopmentforiOS/ai4edu/.build/arm64-apple-macosx/debug/Modules/MarkdownUI.swiftmodule"
        },
        {
          "kind" : "file",
          "name" : "/Users/samjin/Documents/Grad School/CSDS392-AppDevelopmentforiOS/ai4edu/.build/arm64-apple-macosx/debug/MarkdownUITests.build/sources"
        }
      ],
      "isLibrary" : true,
      "moduleName" : "MarkdownUITests",
      "moduleOutputPath" : "/Users/samjin/Documents/Grad School/CSDS392-AppDevelopmentforiOS/ai4edu/.build/arm64-apple-macosx/debug/Modules/MarkdownUITests.swiftmodule",
      "objects" : [
        "/Users/samjin/Documents/Grad School/CSDS392-AppDevelopmentforiOS/ai4edu/.build/arm64-apple-macosx/debug/MarkdownUITests.build/MarkdownUITests.swift.o"
      ],
      "otherArguments" : [
        "-target",
        "arm64-apple-macosx10.13",
        "-enable-batch-mode",
        "-index-store-path",
        "/Users/samjin/Documents/Grad School/CSDS392-AppDevelopmentforiOS/ai4edu/.build/arm64-apple-macosx/debug/index/store",
        "-Onone",
        "-enable-testing",
        "-Xfrontend",
        "-enable-cross-import-overlays",
        "-j12",
        "-DSWIFT_PACKAGE",
        "-DDEBUG",
        "-module-cache-path",
        "/Users/samjin/Documents/Grad School/CSDS392-AppDevelopmentforiOS/ai4edu/.build/arm64-apple-macosx/debug/ModuleCache",
        "-parseable-output",
        "-parse-as-library",
        "-color-diagnostics",
        "-swift-version",
        "6",
        "-F",
        "/Library/Developer/CommandLineTools/Library/Developer/Frameworks",
        "-sdk",
        "/Library/Developer/CommandLineTools/SDKs/MacOSX.sdk",
        "-g",
        "-Xcc",
        "-isysroot",
        "-Xcc",
        "/Library/Developer/CommandLineTools/SDKs/MacOSX.sdk",
        "-Xcc",
        "-fPIC",
        "-Xcc",
        "-g",
        "-package-name",
        "ai4edu"
      ],
      "outputFileMapPath" : "/Users/samjin/Documents/Grad School/CSDS392-AppDevelopmentforiOS/ai4edu/.build/arm64-apple-macosx/debug/MarkdownUITests.build/output-file-map.json",
      "outputs" : [
        {
          "kind" : "file",
          "name" : "/Users/samjin/Documents/Grad School/CSDS392-AppDevelopmentforiOS/ai4edu/.build/arm64-apple-macosx/debug/MarkdownUITests.build/MarkdownUITests.swift.o"
        },
        {
          "kind" : "file",
          "name" : "/Users/samjin/Documents/Grad School/CSDS392-AppDevelopmentforiOS/ai4edu/.build/arm64-apple-macosx/debug/Modules/MarkdownUITests.swiftmodule"
        }
      ],
      "prepareForIndexing" : false,
      "sources" : [
        "/Users/samjin/Documents/Grad School/CSDS392-AppDevelopmentforiOS/ai4edu/Tests/MarkdownUITests/MarkdownUITests.swift"
      ],
      "tempsPath" : "/Users/samjin/Documents/Grad School/CSDS392-AppDevelopmentforiOS/ai4edu/.build/arm64-apple-macosx/debug/MarkdownUITests.build",
      "wholeModuleOptimization" : false
    }
  },
  "swiftFrontendCommands" : {

  },
  "swiftTargetScanArgs" : {
    "MarkdownUI" : [
      "/Library/Developer/CommandLineTools/usr/bin/swiftc",
      "-module-name",
      "MarkdownUI",
      "-package-name",
      "ai4edu",
      "-incremental",
      "-c",
      "/Users/samjin/Documents/Grad School/CSDS392-AppDevelopmentforiOS/ai4edu/Sources/MarkdownUI/MarkdownUI.swift",
      "-I",
      "/Users/samjin/Documents/Grad School/CSDS392-AppDevelopmentforiOS/ai4edu/.build/arm64-apple-macosx/debug/Modules",
      "-target",
      "arm64-apple-macosx10.13",
      "-enable-batch-mode",
      "-index-store-path",
      "/Users/samjin/Documents/Grad School/CSDS392-AppDevelopmentforiOS/ai4edu/.build/arm64-apple-macosx/debug/index/store",
      "-Onone",
      "-enable-testing",
      "-j12",
      "-DSWIFT_PACKAGE",
      "-DDEBUG",
      "-module-cache-path",
      "/Users/samjin/Documents/Grad School/CSDS392-AppDevelopmentforiOS/ai4edu/.build/arm64-apple-macosx/debug/ModuleCache",
      "-parseable-output",
      "-parse-as-library",
      "-emit-objc-header",
      "-emit-objc-header-path",
      "/Users/samjin/Documents/Grad School/CSDS392-AppDevelopmentforiOS/ai4edu/.build/arm64-apple-macosx/debug/MarkdownUI.build/MarkdownUI-Swift.h",
      "-color-diagnostics",
      "-swift-version",
      "6",
      "-F",
      "/Library/Developer/CommandLineTools/Library/Developer/Frameworks",
      "-sdk",
      "/Library/Developer/CommandLineTools/SDKs/MacOSX.sdk",
      "-g",
      "-Xcc",
      "-isysroot",
      "-Xcc",
      "/Library/Developer/CommandLineTools/SDKs/MacOSX.sdk",
      "-Xcc",
      "-fPIC",
      "-Xcc",
      "-g",
      "-package-name",
      "ai4edu",
      "-driver-use-frontend-path",
      "/Library/Developer/CommandLineTools/usr/bin/swiftc"
    ],
    "MarkdownUIPackageTests" : [
      "/Library/Developer/CommandLineTools/usr/bin/swiftc",
      "-module-name",
      "MarkdownUIPackageTests",
      "-package-name",
      "ai4edu",
      "-incremental",
      "-c",
      "/Users/samjin/Documents/Grad School/CSDS392-AppDevelopmentforiOS/ai4edu/.build/arm64-apple-macosx/debug/MarkdownUIPackageTests.derived/runner.swift",
      "-I",
      "/Users/samjin/Documents/Grad School/CSDS392-AppDevelopmentforiOS/ai4edu/.build/arm64-apple-macosx/debug/Modules",
      "-target",
      "arm64-apple-macosx10.13",
      "-enable-batch-mode",
      "-index-store-path",
      "/Users/samjin/Documents/Grad School/CSDS392-AppDevelopmentforiOS/ai4edu/.build/arm64-apple-macosx/debug/index/store",
      "-Onone",
      "-enable-testing",
      "-Xfrontend",
      "-enable-cross-import-overlays",
      "-j12",
      "-DSWIFT_PACKAGE",
      "-DDEBUG",
      "-module-cache-path",
      "/Users/samjin/Documents/Grad School/CSDS392-AppDevelopmentforiOS/ai4edu/.build/arm64-apple-macosx/debug/ModuleCache",
      "-parseable-output",
      "-parse-as-library",
      "-emit-objc-header",
      "-emit-objc-header-path",
      "/Users/samjin/Documents/Grad School/CSDS392-AppDevelopmentforiOS/ai4edu/.build/arm64-apple-macosx/debug/MarkdownUIPackageTests.build/MarkdownUIPackageTests-Swift.h",
      "-color-diagnostics",
      "-F",
      "/Library/Developer/CommandLineTools/Library/Developer/Frameworks",
      "-sdk",
      "/Library/Developer/CommandLineTools/SDKs/MacOSX.sdk",
      "-g",
      "-Xcc",
      "-isysroot",
      "-Xcc",
      "/Library/Developer/CommandLineTools/SDKs/MacOSX.sdk",
      "-Xcc",
      "-fPIC",
      "-Xcc",
      "-g",
      "-package-name",
      "ai4edu",
      "-driver-use-frontend-path",
      "/Library/Developer/CommandLineTools/usr/bin/swiftc"
    ],
    "MarkdownUITests" : [
      "/Library/Developer/CommandLineTools/usr/bin/swiftc",
      "-module-name",
      "MarkdownUITests",
      "-package-name",
      "ai4edu",
      "-incremental",
      "-c",
      "/Users/samjin/Documents/Grad School/CSDS392-AppDevelopmentforiOS/ai4edu/Tests/MarkdownUITests/MarkdownUITests.swift",
      "-I",
      "/Users/samjin/Documents/Grad School/CSDS392-AppDevelopmentforiOS/ai4edu/.build/arm64-apple-macosx/debug/Modules",
      "-target",
      "arm64-apple-macosx10.13",
      "-enable-batch-mode",
      "-index-store-path",
      "/Users/samjin/Documents/Grad School/CSDS392-AppDevelopmentforiOS/ai4edu/.build/arm64-apple-macosx/debug/index/store",
      "-Onone",
      "-enable-testing",
      "-Xfrontend",
      "-enable-cross-import-overlays",
      "-j12",
      "-DSWIFT_PACKAGE",
      "-DDEBUG",
      "-module-cache-path",
      "/Users/samjin/Documents/Grad School/CSDS392-AppDevelopmentforiOS/ai4edu/.build/arm64-apple-macosx/debug/ModuleCache",
      "-parseable-output",
      "-parse-as-library",
      "-color-diagnostics",
      "-swift-version",
      "6",
      "-F",
      "/Library/Developer/CommandLineTools/Library/Developer/Frameworks",
      "-sdk",
      "/Library/Developer/CommandLineTools/SDKs/MacOSX.sdk",
      "-g",
      "-Xcc",
      "-isysroot",
      "-Xcc",
      "/Library/Developer/CommandLineTools/SDKs/MacOSX.sdk",
      "-Xcc",
      "-fPIC",
      "-Xcc",
      "-g",
      "-package-name",
      "ai4edu",
      "-driver-use-frontend-path",
      "/Library/Developer/CommandLineTools/usr/bin/swiftc"
    ]
  },
  "targetDependencyMap" : {
    "MarkdownUI" : [

    ],
    "MarkdownUIPackageTests" : [
      "MarkdownUITests",
      "MarkdownUI"
    ],
    "MarkdownUITests" : [
      "MarkdownUI"
    ]
  },
  "testDiscoveryCommands" : {

  },
  "testEntryPointCommands" : {
    "/Users/samjin/Documents/Grad School/CSDS392-AppDevelopmentforiOS/ai4edu/.build/arm64-apple-macosx/debug/MarkdownUIPackageTests.derived/runner.swift" : {
      "inputs" : [

      ],
      "outputs" : [
        {
          "kind" : "file",
          "name" : "/Users/samjin/Documents/Grad School/CSDS392-AppDevelopmentforiOS/ai4edu/.build/arm64-apple-macosx/debug/MarkdownUIPackageTests.derived/runner.swift"
        }
      ]
    }
  },
  "traitConfiguration" : {
    "enableAllTraits" : false
  },
  "writeCommands" : {
    "/Users/samjin/Documents/Grad School/CSDS392-AppDevelopmentforiOS/ai4edu/.build/arm64-apple-macosx/debug/MarkdownUI.build/sources" : {
      "alwaysOutOfDate" : false,
      "inputs" : [
        {
          "kind" : "virtual",
          "name" : "<sources-file-list>"
        },
        {
          "kind" : "file",
          "name" : "/Users/samjin/Documents/Grad School/CSDS392-AppDevelopmentforiOS/ai4edu/Sources/MarkdownUI/MarkdownUI.swift"
        }
      ],
      "outputFilePath" : "/Users/samjin/Documents/Grad School/CSDS392-AppDevelopmentforiOS/ai4edu/.build/arm64-apple-macosx/debug/MarkdownUI.build/sources"
    },
    "/Users/samjin/Documents/Grad School/CSDS392-AppDevelopmentforiOS/ai4edu/.build/arm64-apple-macosx/debug/MarkdownUIPackageTests.build/sources" : {
      "alwaysOutOfDate" : false,
      "inputs" : [
        {
          "kind" : "virtual",
          "name" : "<sources-file-list>"
        },
        {
          "kind" : "file",
          "name" : "/Users/samjin/Documents/Grad School/CSDS392-AppDevelopmentforiOS/ai4edu/.build/arm64-apple-macosx/debug/MarkdownUIPackageTests.derived/runner.swift"
        }
      ],
      "outputFilePath" : "/Users/samjin/Documents/Grad School/CSDS392-AppDevelopmentforiOS/ai4edu/.build/arm64-apple-macosx/debug/MarkdownUIPackageTests.build/sources"
    },
    "/Users/samjin/Documents/Grad School/CSDS392-AppDevelopmentforiOS/ai4edu/.build/arm64-apple-macosx/debug/MarkdownUIPackageTests.product/Objects.LinkFileList" : {
      "alwaysOutOfDate" : false,
      "inputs" : [
        {
          "kind" : "virtual",
          "name" : "<link-file-list>"
        },
        {
          "kind" : "file",
          "name" : "/Users/samjin/Documents/Grad School/CSDS392-AppDevelopmentforiOS/ai4edu/.build/arm64-apple-macosx/debug/MarkdownUI.build/MarkdownUI.swift.o"
        },
        {
          "kind" : "file",
          "name" : "/Users/samjin/Documents/Grad School/CSDS392-AppDevelopmentforiOS/ai4edu/.build/arm64-apple-macosx/debug/MarkdownUIPackageTests.build/runner.swift.o"
        },
        {
          "kind" : "file",
          "name" : "/Users/samjin/Documents/Grad School/CSDS392-AppDevelopmentforiOS/ai4edu/.build/arm64-apple-macosx/debug/MarkdownUITests.build/MarkdownUITests.swift.o"
        }
      ],
      "outputFilePath" : "/Users/samjin/Documents/Grad School/CSDS392-AppDevelopmentforiOS/ai4edu/.build/arm64-apple-macosx/debug/MarkdownUIPackageTests.product/Objects.LinkFileList"
    },
    "/Users/samjin/Documents/Grad School/CSDS392-AppDevelopmentforiOS/ai4edu/.build/arm64-apple-macosx/debug/MarkdownUITests.build/sources" : {
      "alwaysOutOfDate" : false,
      "inputs" : [
        {
          "kind" : "virtual",
          "name" : "<sources-file-list>"
        },
        {
          "kind" : "file",
          "name" : "/Users/samjin/Documents/Grad School/CSDS392-AppDevelopmentforiOS/ai4edu/Tests/MarkdownUITests/MarkdownUITests.swift"
        }
      ],
      "outputFilePath" : "/Users/samjin/Documents/Grad School/CSDS392-AppDevelopmentforiOS/ai4edu/.build/arm64-apple-macosx/debug/MarkdownUITests.build/sources"
    },
    "/Users/samjin/Documents/Grad School/CSDS392-AppDevelopmentforiOS/ai4edu/.build/arm64-apple-macosx/debug/swift-version--1AB21518FC5DEDBE.txt" : {
      "alwaysOutOfDate" : true,
      "inputs" : [
        {
          "kind" : "virtual",
          "name" : "<swift-get-version>"
        },
        {
          "kind" : "file",
          "name" : "/Library/Developer/CommandLineTools/usr/bin/swiftc"
        }
      ],
      "outputFilePath" : "/Users/samjin/Documents/Grad School/CSDS392-AppDevelopmentforiOS/ai4edu/.build/arm64-apple-macosx/debug/swift-version--1AB21518FC5DEDBE.txt"
    }
  }
}