{
  "": {
    "swift-dependencies": "/Users/samjin/Documents/Grad School/CSDS392-AppDevelopmentforiOS/ai4edu/.build/arm64-apple-macosx/debug/MarkdownUITests.build/master.swiftdeps"
  },
  "/Users/samjin/Documents/Grad School/CSDS392-AppDevelopmentforiOS/ai4edu/Tests/MarkdownUITests/MarkdownUITests.swift": {
    "dependencies": "/Users/samjin/Documents/Grad School/CSDS392-AppDevelopmentforiOS/ai4edu/.build/arm64-apple-macosx/debug/MarkdownUITests.build/MarkdownUITests.d",
    "object": "/Users/samjin/Documents/Grad School/CSDS392-AppDevelopmentforiOS/ai4edu/.build/arm64-apple-macosx/debug/MarkdownUITests.build/MarkdownUITests.swift.o",
    "swiftmodule": "/Users/samjin/Documents/Grad School/CSDS392-AppDevelopmentforiOS/ai4edu/.build/arm64-apple-macosx/debug/MarkdownUITests.build/MarkdownUITests~partial.swiftmodule",
    "swift-dependencies": "/Users/samjin/Documents/Grad School/CSDS392-AppDevelopmentforiOS/ai4edu/.build/arm64-apple-macosx/debug/MarkdownUITests.build/MarkdownUITests.swiftdeps"
  }
}
