{
  "": {
    "swift-dependencies": "/Users/samjin/Documents/Grad School/CSDS392-AppDevelopmentforiOS/ai4edu/.build/arm64-apple-macosx/debug/MarkdownUIPackageTests.build/master.swiftdeps"
  },
  "/Users/samjin/Documents/Grad School/CSDS392-AppDevelopmentforiOS/ai4edu/.build/arm64-apple-macosx/debug/MarkdownUIPackageTests.derived/runner.swift": {
    "dependencies": "/Users/samjin/Documents/Grad School/CSDS392-AppDevelopmentforiOS/ai4edu/.build/arm64-apple-macosx/debug/MarkdownUIPackageTests.build/runner.d",
    "object": "/Users/samjin/Documents/Grad School/CSDS392-AppDevelopmentforiOS/ai4edu/.build/arm64-apple-macosx/debug/MarkdownUIPackageTests.build/runner.swift.o",
    "swiftmodule": "/Users/samjin/Documents/Grad School/CSDS392-AppDevelopmentforiOS/ai4edu/.build/arm64-apple-macosx/debug/MarkdownUIPackageTests.build/runner~partial.swiftmodule",
    "swift-dependencies": "/Users/samjin/Documents/Grad School/CSDS392-AppDevelopmentforiOS/ai4edu/.build/arm64-apple-macosx/debug/MarkdownUIPackageTests.build/runner.swiftdeps"
  }
}
