{
  "": {
    "swift-dependencies": "/Users/samjin/Documents/Grad School/CSDS392-AppDevelopmentforiOS/ai4edu/.build/arm64-apple-macosx/debug/MarkdownUI.build/master.swiftdeps"
  },
  "/Users/samjin/Documents/Grad School/CSDS392-AppDevelopmentforiOS/ai4edu/Sources/MarkdownUI/MarkdownUI.swift": {
    "dependencies": "/Users/samjin/Documents/Grad School/CSDS392-AppDevelopmentforiOS/ai4edu/.build/arm64-apple-macosx/debug/MarkdownUI.build/MarkdownUI.d",
    "object": "/Users/samjin/Documents/Grad School/CSDS392-AppDevelopmentforiOS/ai4edu/.build/arm64-apple-macosx/debug/MarkdownUI.build/MarkdownUI.swift.o",
    "swiftmodule": "/Users/samjin/Documents/Grad School/CSDS392-AppDevelopmentforiOS/ai4edu/.build/arm64-apple-macosx/debug/MarkdownUI.build/MarkdownUI~partial.swiftmodule",
    "swift-dependencies": "/Users/samjin/Documents/Grad School/CSDS392-AppDevelopmentforiOS/ai4edu/.build/arm64-apple-macosx/debug/MarkdownUI.build/MarkdownUI.swiftdeps"
  }
}
